{"x": 0.15328051942917917, "y": -0.04050819663274706, "z": 0.27851368390429043, "roll": 0.5634780360151201, "pitch": 1.1658878170279905, "yaw": 3.125602184434947}
