{"x": -0.1954648213531188, "y": -0.16620729995786948, "z": -0.1918285817574595, "roll": 1.002591167334134, "pitch": -0.9034765387677103, "yaw": 2.2606754423113555}
