{"x": -0.1377625424350767, "y": 0.021380403878896944, "z": 0.057657655316766976, "roll": -2.004012441564318, "pitch": -0.9950601951115012, "yaw": 2.083327840660515}
